时间,城市,确诊人数,疑似病例,死亡人数,治愈人数
2020/02/13 10:30,朝阳区,56,0,0,0
2020/02/13 10:30,海淀区,56,0,0,0
2020/02/13 10:30,西城区,46,0,0,0
2020/02/13 10:30,大兴区,38,0,0,2
2020/02/13 10:30,丰台区,36,0,0,3
2020/02/13 10:30,外地来京人员,26,0,0,2
2020/02/13 10:30,昌平区,24,0,0,0
2020/02/13 10:30,通州区,17,0,0,1
2020/02/13 10:30,房山区,14,0,0,0
2020/02/13 10:30,石景山区,13,0,0,0
2020/02/13 10:30,东城区,12,0,0,0
2020/02/13 10:30,顺义区,10,0,0,0
2020/02/13 10:30,怀柔区,7,0,0,0
2020/02/13 10:30,密云区,7,0,0,0
2020/02/13 10:30,门头沟区,3,0,0,0
2020/02/13 10:30,延庆区,1,0,0,0
2020/02/13 10:30,待明确地区,0,0,3,60
2020/02/13 00:19,朝阳区,56,0,0,0
2020/02/13 00:19,海淀区,56,0,0,0
2020/02/13 00:19,西城区,43,0,0,0
2020/02/13 00:19,大兴区,37,0,0,2
2020/02/13 00:19,丰台区,32,0,0,3
2020/02/13 00:19,外地来京人员,25,0,0,2
2020/02/13 00:19,昌平区,19,0,0,0
2020/02/13 00:19,通州区,17,0,0,1
2020/02/13 00:19,房山区,14,0,0,0
2020/02/13 00:19,石景山区,13,0,0,0
2020/02/13 00:19,东城区,12,0,0,0
2020/02/13 00:19,顺义区,10,0,0,0
2020/02/13 00:19,怀柔区,7,0,0,0
2020/02/13 00:19,密云区,7,0,0,0
2020/02/13 00:19,门头沟区,3,0,0,0
2020/02/13 00:19,延庆区,1,0,0,0
2020/02/13 00:19,待明确地区,0,0,3,48
2020/02/12 14:58,朝阳区,56,0,0,0
2020/02/12 14:58,海淀区,56,0,0,0
2020/02/12 14:58,西城区,43,0,0,0
2020/02/12 14:58,大兴区,37,0,0,2
2020/02/12 14:58,丰台区,32,0,0,3
2020/02/12 14:58,外地来京人员,25,0,0,2
2020/02/12 14:58,昌平区,19,0,0,0
2020/02/12 14:58,通州区,17,0,0,1
2020/02/12 14:58,房山区,14,0,0,0
2020/02/12 14:58,石景山区,13,0,0,0
2020/02/12 14:58,东城区,12,0,0,0
2020/02/12 14:58,顺义区,10,0,0,0
2020/02/12 14:58,怀柔区,7,0,0,0
2020/02/12 14:58,密云区,7,0,0,0
2020/02/12 14:58,门头沟区,3,0,0,0
2020/02/12 14:58,延庆区,1,0,0,0
2020/02/12 14:58,待明确地区,0,0,3,48
2020/02/12 10:35,朝阳区,56,0,0,0
2020/02/12 10:35,海淀区,56,0,0,0
2020/02/12 10:35,西城区,43,0,0,0
2020/02/12 10:35,大兴区,37,0,0,2
2020/02/12 10:35,丰台区,32,0,0,3
2020/02/12 10:35,外地来京人员,25,0,0,2
2020/02/12 10:35,昌平区,19,0,0,0
2020/02/12 10:35,通州区,17,0,0,1
2020/02/12 10:35,房山区,14,0,0,0
2020/02/12 10:35,石景山区,13,0,0,0
2020/02/12 10:35,东城区,12,0,0,0
2020/02/12 10:35,顺义区,10,0,0,0
2020/02/12 10:35,怀柔区,7,0,0,0
2020/02/12 10:35,密云区,7,0,0,0
2020/02/12 10:35,门头沟区,3,0,0,0
2020/02/12 10:35,延庆区,1,0,0,0
2020/02/12 10:35,待明确地区,0,0,3,48
2020/02/11 10:55,海淀区,57,0,0,0
2020/02/11 10:55,朝阳区,56,0,0,0
2020/02/11 10:55,西城区,39,0,0,0
2020/02/11 10:55,大兴区,36,0,0,2
2020/02/11 10:55,丰台区,30,0,0,3
2020/02/11 10:55,外地来京人员,25,0,0,2
2020/02/11 10:55,昌平区,19,0,0,0
2020/02/11 10:55,通州区,17,0,0,1
2020/02/11 10:55,房山区,14,0,0,0
2020/02/11 10:55,石景山区,13,0,0,0
2020/02/11 10:55,顺义区,10,0,0,0
2020/02/11 10:55,东城区,9,0,0,0
2020/02/11 10:55,怀柔区,7,0,0,0
2020/02/11 10:55,密云区,6,0,0,0
2020/02/11 10:55,门头沟区,3,0,0,0
2020/02/11 10:55,延庆区,1,0,0,0
2020/02/11 10:55,待明确地区,0,0,3,40
2020/02/10 11:12,朝阳区,56,0,0,0
2020/02/10 11:12,海淀区,54,0,0,0
2020/02/10 11:12,西城区,39,0,0,0
2020/02/10 11:12,大兴区,36,0,0,2
2020/02/10 11:12,丰台区,30,0,0,3
2020/02/10 11:12,外地来京人员,25,0,0,2
2020/02/10 11:12,昌平区,18,0,0,0
2020/02/10 11:12,通州区,16,0,0,1
2020/02/10 11:12,房山区,14,0,0,0
2020/02/10 11:12,石景山区,13,0,0,0
2020/02/10 11:12,顺义区,10,0,0,0
2020/02/10 11:12,东城区,9,0,0,0
2020/02/10 11:12,怀柔区,7,0,0,0
2020/02/10 11:12,密云区,6,0,0,0
2020/02/10 11:12,门头沟区,3,0,0,0
2020/02/10 11:12,延庆区,1,0,0,0
2020/02/10 11:12,待明确地区,0,0,2,36
2020/02/09 11:47,朝阳区,55,0,0,0
2020/02/09 11:47,海淀区,52,0,0,0
2020/02/09 11:47,西城区,38,0,0,0
2020/02/09 11:47,大兴区,35,0,0,2
2020/02/09 11:47,丰台区,27,0,0,3
2020/02/09 11:47,外地来京人员,24,0,0,2
2020/02/09 11:47,昌平区,17,0,0,0
2020/02/09 11:47,通州区,16,0,0,1
2020/02/09 11:47,房山区,14,0,0,0
2020/02/09 11:47,石景山区,13,0,0,0
2020/02/09 11:47,顺义区,10,0,0,0
2020/02/09 11:47,东城区,9,0,0,0
2020/02/09 11:47,怀柔区,7,0,0,0
2020/02/09 11:47,密云区,5,0,0,0
2020/02/09 11:47,门头沟区,3,0,0,0
2020/02/09 11:47,延庆区,1,0,0,0
2020/02/09 11:47,待明确地区,0,0,2,29
2020/02/09 11:46,朝阳区,55,0,0,0
2020/02/09 11:46,海淀区,52,0,0,0
2020/02/09 11:46,西城区,38,0,0,0
2020/02/09 11:46,大兴区,35,0,0,2
2020/02/09 11:46,丰台区,27,0,0,3
2020/02/09 11:46,外地来京人员,24,0,0,2
2020/02/09 11:46,昌平区,17,0,0,0
2020/02/09 11:46,通州区,16,0,0,1
2020/02/09 11:46,房山区,14,0,0,0
2020/02/09 11:46,石景山区,13,0,0,0
2020/02/09 11:46,顺义区,10,0,0,0
2020/02/09 11:46,东城区,9,0,0,0
2020/02/09 11:46,怀柔区,7,0,0,0
2020/02/09 11:46,密云区,5,0,0,0
2020/02/09 11:46,门头沟区,3,0,0,0
2020/02/09 11:46,延庆区,1,0,0,0
2020/02/09 11:46,待明确地区,0,0,2,33
2020/02/09 11:43,朝阳区,55,0,0,0
2020/02/09 11:43,海淀区,52,0,0,0
2020/02/09 11:43,西城区,38,0,0,0
2020/02/09 11:43,大兴区,35,0,0,2
2020/02/09 11:43,丰台区,27,0,0,3
2020/02/09 11:43,外地来京人员,24,0,0,2
2020/02/09 11:43,昌平区,17,0,0,0
2020/02/09 11:43,通州区,16,0,0,1
2020/02/09 11:43,房山区,14,0,0,0
2020/02/09 11:43,石景山区,13,0,0,0
2020/02/09 11:43,顺义区,10,0,0,0
2020/02/09 11:43,东城区,9,0,0,0
2020/02/09 11:43,怀柔区,7,0,0,0
2020/02/09 11:43,密云区,5,0,0,0
2020/02/09 11:43,门头沟区,3,0,0,0
2020/02/09 11:43,延庆区,1,0,0,0
2020/02/09 11:43,待明确地区,0,0,2,33
2020/02/09 11:41,朝阳区,55,0,0,0
2020/02/09 11:41,海淀区,52,0,0,0
2020/02/09 11:41,西城区,38,0,0,0
2020/02/09 11:41,大兴区,35,0,0,2
2020/02/09 11:41,丰台区,27,0,0,0
2020/02/09 11:41,外地来京人员,24,0,0,2
2020/02/09 11:41,昌平区,17,0,0,0
2020/02/09 11:41,通州区,16,0,0,0
2020/02/09 11:41,房山区,14,0,0,0
2020/02/09 11:41,石景山区,13,0,0,0
2020/02/09 11:41,顺义区,10,0,0,0
2020/02/09 11:41,东城区,9,0,0,0
2020/02/09 11:41,怀柔区,7,0,0,0
2020/02/09 11:41,密云区,5,0,0,0
2020/02/09 11:41,门头沟区,3,0,0,0
2020/02/09 11:41,延庆区,1,0,0,0
2020/02/09 11:41,待明确地区,0,0,2,33
2020/02/09 11:38,朝阳区,53,0,0,0
2020/02/09 11:38,海淀区,49,0,0,0
2020/02/09 11:38,西城区,37,0,0,0
2020/02/09 11:38,大兴区,34,0,0,2
2020/02/09 11:38,丰台区,26,0,0,3
2020/02/09 11:38,外地来京人员,25,0,0,2
2020/02/09 11:38,昌平区,17,0,0,0
2020/02/09 11:38,通州区,15,0,0,1
2020/02/09 11:38,房山区,14,0,0,0
2020/02/09 11:38,石景山区,13,0,0,0
2020/02/09 11:38,顺义区,9,0,0,0
2020/02/09 11:38,东城区,8,0,0,0
2020/02/09 11:38,怀柔区,7,0,0,0
2020/02/09 11:38,密云区,4,0,0,0
2020/02/09 11:38,门头沟区,3,0,0,0
2020/02/09 11:38,延庆区,1,0,0,0
2020/02/09 11:38,待明确地区,0,0,2,30
2020/02/08 11:04,朝阳区,53,0,0,0
2020/02/08 11:04,海淀区,49,0,0,0
2020/02/08 11:04,西城区,37,0,0,0
2020/02/08 11:04,大兴区,34,0,0,2
2020/02/08 11:04,丰台区,26,0,0,0
2020/02/08 11:04,外地来京人员,25,0,0,2
2020/02/08 11:04,昌平区,17,0,0,0
2020/02/08 11:04,通州区,15,0,0,0
2020/02/08 11:04,房山区,14,0,0,0
2020/02/08 11:04,石景山区,13,0,0,0
2020/02/08 11:04,顺义区,9,0,0,0
2020/02/08 11:04,东城区,8,0,0,0
2020/02/08 11:04,怀柔区,7,0,0,0
2020/02/08 11:04,密云区,4,0,0,0
2020/02/08 11:04,门头沟区,3,0,0,0
2020/02/08 11:04,延庆区,1,0,0,0
2020/02/08 11:04,待明确地区,0,0,2,30
2020/02/07 11:20,朝阳区,51,0,0,0
2020/02/07 11:20,海淀区,47,0,0,0
2020/02/07 11:20,西城区,36,0,0,0
2020/02/07 11:20,大兴区,34,0,0,2
2020/02/07 11:20,外地来京人员,24,0,0,2
2020/02/07 11:20,丰台区,22,0,0,0
2020/02/07 11:20,昌平区,17,0,0,0
2020/02/07 11:20,通州区,14,0,0,0
2020/02/07 11:20,石景山区,13,0,0,0
2020/02/07 11:20,房山区,13,0,0,0
2020/02/07 11:20,顺义区,8,0,0,0
2020/02/07 11:20,东城区,7,0,0,0
2020/02/07 11:20,怀柔区,7,0,0,0
2020/02/07 11:20,门头沟区,3,0,0,0
2020/02/07 11:20,延庆区,1,0,0,0
2020/02/07 11:20,待明确地区,0,0,1,29
2020/02/07 11:19,朝阳区,51,0,0,0
2020/02/07 11:19,海淀区,47,0,0,0
2020/02/07 11:19,西城区,36,0,0,0
2020/02/07 11:19,大兴区,34,0,0,2
2020/02/07 11:19,外地来京人员,24,0,0,2
2020/02/07 11:19,丰台区,22,0,0,0
2020/02/07 11:19,昌平区,17,0,0,0
2020/02/07 11:19,通州区,14,0,0,0
2020/02/07 11:19,石景山区,13,0,0,0
2020/02/07 11:19,房山区,13,0,0,0
2020/02/07 11:19,顺义区,8,0,0,0
2020/02/07 11:19,东城区,7,0,0,0
2020/02/07 11:19,怀柔区,7,0,0,0
2020/02/07 11:19,门头沟区,3,0,0,0
2020/02/07 11:19,延庆区,1,0,0,0
2020/02/07 11:19,待明确地区,0,0,1,29
2020/02/07 11:18,朝阳区,51,0,0,0
2020/02/07 11:18,海淀区,47,0,0,0
2020/02/07 11:18,西城区,36,0,0,0
2020/02/07 11:18,大兴区,34,0,0,2
2020/02/07 11:18,丰台区,22,0,0,0
2020/02/07 11:18,外地来京人员,21,0,0,2
2020/02/07 11:18,昌平区,17,0,0,0
2020/02/07 11:18,通州区,14,0,0,0
2020/02/07 11:18,石景山区,13,0,0,0
2020/02/07 11:18,房山区,11,0,0,0
2020/02/07 11:18,顺义区,8,0,0,0
2020/02/07 11:18,东城区,7,0,0,0
2020/02/07 11:18,怀柔区,5,0,0,0
2020/02/07 11:18,门头沟区,3,0,0,0
2020/02/07 11:18,延庆区,1,0,0,0
2020/02/07 11:18,待明确地区,0,0,1,27
2020/02/07 11:17,朝阳区,48,0,0,0
2020/02/07 11:17,海淀区,47,0,0,0
2020/02/07 11:17,西城区,36,0,0,0
2020/02/07 11:17,大兴区,32,0,0,2
2020/02/07 11:17,外地来京人员,21,0,0,2
2020/02/07 11:17,丰台区,20,0,0,0
2020/02/07 11:17,昌平区,15,0,0,0
2020/02/07 11:17,通州区,13,0,0,0
2020/02/07 11:17,石景山区,11,0,0,0
2020/02/07 11:17,房山区,11,0,0,0
2020/02/07 11:17,东城区,7,0,0,0
2020/02/07 11:17,顺义区,6,0,0,0
2020/02/07 11:17,怀柔区,5,0,0,0
2020/02/07 11:17,门头沟区,3,0,0,0
2020/02/07 11:17,延庆区,1,0,0,0
2020/02/07 11:17,待明确地区,0,0,1,27
2020/02/07 09:26,朝阳区,48,0,0,0
2020/02/07 09:26,海淀区,47,0,0,0
2020/02/07 09:26,西城区,34,0,0,0
2020/02/07 09:26,大兴区,32,0,0,2
2020/02/07 09:26,外地来京人员,21,0,0,2
2020/02/07 09:26,丰台区,20,0,0,0
2020/02/07 09:26,昌平区,15,0,0,0
2020/02/07 09:26,通州区,13,0,0,0
2020/02/07 09:26,石景山区,11,0,0,0
2020/02/07 09:26,房山区,11,0,0,0
2020/02/07 09:26,东城区,7,0,0,0
2020/02/07 09:26,顺义区,6,0,0,0
2020/02/07 09:26,怀柔区,5,0,0,0
2020/02/07 09:26,门头沟区,3,0,0,0
2020/02/07 09:26,延庆区,1,0,0,0
2020/02/07 09:26,待明确地区,0,0,1,27
2020/02/06 12:37,朝阳区,48,0,0,0
2020/02/06 12:37,海淀区,47,0,0,0
2020/02/06 12:37,西城区,34,0,0,0
2020/02/06 12:37,大兴区,32,0,0,2
2020/02/06 12:37,外地来京人员,21,0,0,2
2020/02/06 12:37,丰台区,20,0,0,0
2020/02/06 12:37,昌平区,15,0,0,0
2020/02/06 12:37,通州区,13,0,0,0
2020/02/06 12:37,石景山区,11,0,0,0
2020/02/06 12:37,房山区,11,0,0,0
2020/02/06 12:37,东城区,7,0,0,0
2020/02/06 12:37,顺义区,6,0,0,0
2020/02/06 12:37,怀柔区,5,0,0,0
2020/02/06 12:37,门头沟区,3,0,0,0
2020/02/06 12:37,延庆区,1,0,0,0
2020/02/06 12:37,未明确地区,0,0,1,27
2020/02/06 11:21,朝阳区,48,0,0,0
2020/02/06 11:21,海淀区,47,0,0,0
2020/02/06 11:21,西城区,34,0,0,0
2020/02/06 11:21,大兴区,29,0,0,2
2020/02/06 11:21,外地来京人员,21,0,0,2
2020/02/06 11:21,丰台区,20,0,0,0
2020/02/06 11:21,昌平区,15,0,0,0
2020/02/06 11:21,通州区,13,0,0,0
2020/02/06 11:21,石景山区,11,0,0,0
2020/02/06 11:21,房山区,11,0,0,0
2020/02/06 11:21,东城区,7,0,0,0
2020/02/06 11:21,顺义区,6,0,0,0
2020/02/06 11:21,怀柔区,4,0,0,0
2020/02/06 11:21,门头沟区,3,0,0,0
2020/02/06 11:21,延庆区,1,0,0,0
2020/02/06 11:21,待明确地区,0,0,1,27
2020/02/06 11:17,朝阳区,48,0,0,0
2020/02/06 11:17,海淀区,47,0,0,0
2020/02/06 11:17,西城区,34,0,0,0
2020/02/06 11:17,大兴区,29,0,0,2
2020/02/06 11:17,外地来京人员,21,0,0,2
2020/02/06 11:17,丰台区,20,0,0,0
2020/02/06 11:17,昌平区,15,0,0,0
2020/02/06 11:17,通州区,13,0,0,0
2020/02/06 11:17,石景山区,11,0,0,0
2020/02/06 11:17,房山区,11,0,0,0
2020/02/06 11:17,东城区,7,0,0,0
2020/02/06 11:17,顺义区,6,0,0,0
2020/02/06 11:17,怀柔区,4,0,0,0
2020/02/06 11:17,门头沟区,3,0,0,0
2020/02/06 11:17,延庆区,1,0,0,0
2020/02/06 11:17,待明确地区,0,0,1,20
2020/02/06 11:16,海淀区,45,0,0,0
2020/02/06 11:16,朝阳区,43,0,0,0
2020/02/06 11:16,大兴区,29,0,0,2
2020/02/06 11:16,西城区,29,0,0,0
2020/02/06 11:16,外地来京人员,21,0,0,2
2020/02/06 11:16,丰台区,20,0,0,0
2020/02/06 11:16,昌平区,15,0,0,0
2020/02/06 11:16,通州区,13,0,0,0
2020/02/06 11:16,房山区,11,0,0,0
2020/02/06 11:16,石景山区,7,0,0,0
2020/02/06 11:16,东城区,6,0,0,0
2020/02/06 11:16,顺义区,6,0,0,0
2020/02/06 11:16,怀柔区,4,0,0,0
2020/02/06 11:16,门头沟区,3,0,0,0
2020/02/06 11:16,延庆区,1,0,0,0
2020/02/06 11:16,待明确地区,0,0,1,20
2020/02/05 13:42,海淀区,45,0,0,0
2020/02/05 13:42,朝阳区,43,0,0,0
2020/02/05 13:42,大兴区,29,0,0,2
2020/02/05 13:42,西城区,29,0,0,0
2020/02/05 13:42,外地来京人员,21,0,0,2
2020/02/05 13:42,丰台区,20,0,0,0
2020/02/05 13:42,昌平区,15,0,0,0
2020/02/05 13:42,通州区,13,0,0,0
2020/02/05 13:42,房山区,11,0,0,0
2020/02/05 13:42,石景山区,7,0,0,0
2020/02/05 13:42,东城区,6,0,0,0
2020/02/05 13:42,顺义区,6,0,0,0
2020/02/05 13:42,怀柔区,4,0,0,0
2020/02/05 13:42,门头沟区,3,0,0,0
2020/02/05 13:42,延庆区,1,0,0,0
2020/02/05 13:42,待明确地区,0,0,1,20
2020/02/05 13:41,海淀区,45,0,0,0
2020/02/05 13:41,朝阳区,43,0,0,0
2020/02/05 13:41,大兴区,29,0,0,2
2020/02/05 13:41,西城区,29,0,0,0
2020/02/05 13:41,外地来京人员,21,0,0,2
2020/02/05 13:41,丰台区,20,0,0,0
2020/02/05 13:41,昌平区,15,0,0,0
2020/02/05 13:41,通州区,13,0,0,0
2020/02/05 13:41,石景山区,7,0,0,0
2020/02/05 13:41,顺义区,6,0,0,0
2020/02/05 13:41,房山区,5,0,0,0
2020/02/05 13:41,门头沟区,3,0,0,0
2020/02/05 13:41,怀柔区,3,0,0,0
2020/02/05 13:41,东城区,2,0,0,0
2020/02/05 13:41,延庆区,1,0,0,0
2020/02/05 13:41,待明确地区,0,0,1,19
2020/02/05 13:40,海淀区,45,0,0,0
2020/02/05 13:40,朝阳区,36,0,0,0
2020/02/05 13:40,大兴区,29,0,0,2
2020/02/05 13:40,西城区,29,0,0,0
2020/02/05 13:40,外地来京人员,20,0,0,2
2020/02/05 13:40,丰台区,18,0,0,0
2020/02/05 13:40,昌平区,14,0,0,0
2020/02/05 13:40,通州区,13,0,0,0
2020/02/05 13:40,石景山区,6,0,0,0
2020/02/05 13:40,顺义区,5,0,0,0
2020/02/05 13:40,房山区,5,0,0,0
2020/02/05 13:40,门头沟区,3,0,0,0
2020/02/05 13:40,怀柔区,3,0,0,0
2020/02/05 13:40,东城区,2,0,0,0
2020/02/05 13:40,延庆区,1,0,0,0
2020/02/05 13:40,待明确地区,0,0,1,19
2020/02/04 16:28,海淀区,45,0,0,0
2020/02/04 16:28,朝阳区,36,0,0,0
2020/02/04 16:28,大兴区,29,0,0,2
2020/02/04 16:28,西城区,28,0,0,0
2020/02/04 16:28,外地来京人员,20,0,0,2
2020/02/04 16:28,丰台区,18,0,0,0
2020/02/04 16:28,昌平区,14,0,0,0
2020/02/04 16:28,通州区,13,0,0,0
2020/02/04 16:28,石景山区,6,0,0,0
2020/02/04 16:28,顺义区,5,0,0,0
2020/02/04 16:28,房山区,5,0,0,0
2020/02/04 16:28,门头沟区,3,0,0,0
2020/02/04 16:28,怀柔区,3,0,0,0
2020/02/04 16:28,东城区,2,0,0,0
2020/02/04 16:28,延庆区,1,0,0,0
2020/02/04 16:28,待明确地区,0,0,1,19
2020/02/04 16:21,海淀区,45,0,0,0
2020/02/04 16:21,朝阳区,36,0,0,0
2020/02/04 16:21,大兴区,29,0,0,2
2020/02/04 16:21,西城区,28,0,0,0
2020/02/04 16:21,外地来京人员,20,0,0,2
2020/02/04 16:21,丰台区,18,0,0,0
2020/02/04 16:21,昌平区,14,0,0,0
2020/02/04 16:21,通州区,13,0,0,0
2020/02/04 16:21,石景山区,6,0,0,0
2020/02/04 16:21,顺义区,5,0,0,0
2020/02/04 16:21,房山区,5,0,0,0
2020/02/04 16:21,门头沟区,3,0,0,0
2020/02/04 16:21,怀柔区,3,0,0,0
2020/02/04 16:21,东城区,2,0,0,0
2020/02/04 16:21,延庆区,1,0,0,0
2020/02/04 16:21,待明确地区,0,0,1,8
2020/02/04 16:20,海淀区,45,0,0,0
2020/02/04 16:20,朝阳区,36,0,0,0
2020/02/04 16:20,大兴区,29,0,0,2
2020/02/04 16:20,西城区,28,0,0,0
2020/02/04 16:20,外地来京人员,19,0,0,2
2020/02/04 16:20,丰台区,18,0,0,0
2020/02/04 16:20,昌平区,14,0,0,0
2020/02/04 16:20,通州区,13,0,0,0
2020/02/04 16:20,石景山区,6,0,0,0
2020/02/04 16:20,顺义区,5,0,0,0
2020/02/04 16:20,房山区,4,0,0,0
2020/02/04 16:20,门头沟区,3,0,0,0
2020/02/04 16:20,怀柔区,3,0,0,0
2020/02/04 16:20,东城区,2,0,0,0
2020/02/04 16:20,延庆区,1,0,0,0
2020/02/04 16:20,待明确地区,0,0,1,8
2020/02/03 17:44,海淀区,42,0,0,0
2020/02/03 17:44,朝阳区,31,0,0,0
2020/02/03 17:44,大兴区,28,0,0,2
2020/02/03 17:44,西城区,26,0,0,0
2020/02/03 17:44,外地来京人员,19,0,0,2
2020/02/03 17:44,丰台区,17,0,0,0
2020/02/03 17:44,通州区,13,0,0,0
2020/02/03 17:44,昌平区,13,0,0,0
2020/02/03 17:44,石景山区,5,0,0,0
2020/02/03 17:44,顺义区,5,0,0,0
2020/02/03 17:44,房山区,4,0,0,0
2020/02/03 17:44,门头沟区,3,0,0,0
2020/02/03 17:44,怀柔区,3,0,0,0
2020/02/03 17:44,东城区,2,0,0,0
2020/02/03 17:44,延庆区,1,0,0,0
2020/02/03 17:44,待明确地区,0,0,1,8
2020/02/03 17:22,海淀区,42,0,0,0
2020/02/03 17:22,朝阳区,31,0,0,0
2020/02/03 17:22,大兴区,28,0,0,2
2020/02/03 17:22,西城区,26,0,0,0
2020/02/03 17:22,外地来京人员,19,0,0,2
2020/02/03 17:22,丰台区,17,0,0,0
2020/02/03 17:22,通州区,13,0,0,0
2020/02/03 17:22,昌平区,13,0,0,0
2020/02/03 17:22,石景山区,5,0,0,0
2020/02/03 17:22,顺义区,5,0,0,0
2020/02/03 17:22,房山区,4,0,0,0
2020/02/03 17:22,门头沟区,3,0,0,0
2020/02/03 17:22,怀柔区,3,0,0,0
2020/02/03 17:22,东城区,2,0,0,0
2020/02/03 17:22,延庆区,1,0,0,0
2020/02/03 17:22,待明确地区,0,0,1,8
2020/02/03 17:21,海淀区,42,0,0,0
2020/02/03 17:21,朝阳区,31,0,0,0
2020/02/03 17:21,大兴区,28,0,0,2
2020/02/03 17:21,西城区,26,0,0,0
2020/02/03 17:21,外地来京人员,19,0,0,2
2020/02/03 17:21,丰台区,17,0,0,0
2020/02/03 17:21,通州区,13,0,0,0
2020/02/03 17:21,昌平区,13,0,0,0
2020/02/03 17:21,石景山区,5,0,0,0
2020/02/03 17:21,顺义区,5,0,0,0
2020/02/03 17:21,房山区,4,0,0,0
2020/02/03 17:21,门头沟区,3,0,0,0
2020/02/03 17:21,怀柔区,3,0,0,0
2020/02/03 17:21,东城区,2,0,0,0
2020/02/03 17:21,延庆区,1,0,0,0
2020/02/03 17:21,待明确地区,0,0,1,5
2020/02/03 17:19,海淀区,42,0,0,0
2020/02/03 17:19,朝阳区,31,0,0,0
2020/02/03 17:19,大兴区,28,0,0,2
2020/02/03 17:19,西城区,26,0,0,0
2020/02/03 17:19,外地来京人员,19,0,0,2
2020/02/03 17:19,丰台区,17,0,0,0
2020/02/03 17:19,通州区,13,0,0,0
2020/02/03 17:19,昌平区,13,0,0,0
2020/02/03 17:19,石景山区,5,0,0,0
2020/02/03 17:19,顺义区,5,0,0,0
2020/02/03 17:19,房山区,4,0,0,0
2020/02/03 17:19,门头沟区,3,0,0,0
2020/02/03 17:19,怀柔区,3,0,0,0
2020/02/03 17:19,东城区,2,0,0,0
2020/02/03 17:19,延庆区,1,0,0,0
2020/02/03 17:19,待明确地区,0,0,1,5
2020/02/03 17:18,海淀区,42,0,0,0
2020/02/03 17:18,朝阳区,31,0,0,0
2020/02/03 17:18,大兴区,28,0,0,2
2020/02/03 17:18,西城区,26,0,0,0
2020/02/03 17:18,外地来京人员,19,0,0,2
2020/02/03 17:18,丰台区,17,0,0,0
2020/02/03 17:18,通州区,13,0,0,0
2020/02/03 17:18,昌平区,13,0,0,0
2020/02/03 17:18,石景山区,5,0,0,0
2020/02/03 17:18,顺义区,5,0,0,0
2020/02/03 17:18,房山区,4,0,0,0
2020/02/03 17:18,门头沟区,3,0,0,0
2020/02/03 17:18,怀柔区,3,0,0,0
2020/02/03 17:18,东城区,2,0,0,0
2020/02/03 17:18,待明确地区,0,0,1,5
2020/02/03 17:17,海淀区,42,0,0,0
2020/02/03 17:17,朝阳区,31,0,0,0
2020/02/03 17:17,大兴区,28,0,0,2
2020/02/03 17:17,西城区,26,0,0,0
2020/02/03 17:17,外地来京人员,19,0,0,2
2020/02/03 17:17,丰台区,17,0,0,0
2020/02/03 17:17,通州区,13,0,0,0
2020/02/03 17:17,昌平区,13,0,0,0
2020/02/03 17:17,石景山区,5,0,0,0
2020/02/03 17:17,顺义区,5,0,0,0
2020/02/03 17:17,东城区,2,0,0,0
2020/02/03 17:17,门头沟区,2,0,0,0
2020/02/03 17:17,房山区,2,0,0,0
2020/02/03 17:17,怀柔区,1,0,0,0
2020/02/03 17:17,待明确地区,0,0,1,5
2020/02/03 17:16,海淀区,42,0,0,0
2020/02/03 17:16,朝阳区,31,0,0,0
2020/02/03 17:16,大兴区,28,0,0,2
2020/02/03 17:16,西城区,26,0,0,0
2020/02/03 17:16,丰台区,17,0,0,0
2020/02/03 17:16,通州区,13,0,0,0
2020/02/03 17:16,昌平区,12,0,0,0
2020/02/03 17:16,外地来京人员,11,0,0,2
2020/02/03 17:16,石景山区,5,0,0,0
2020/02/03 17:16,顺义区,5,0,0,0
2020/02/03 17:16,东城区,3,0,0,0
2020/02/03 17:16,门头沟区,2,0,0,0
2020/02/03 17:16,房山区,2,0,0,0
2020/02/03 17:16,怀柔区,1,0,0,0
2020/02/03 17:16,待明确地区,0,0,1,5
2020/02/03 17:15,海淀区,37,0,0,0
2020/02/03 17:15,朝阳区,35,0,0,0
2020/02/03 17:15,西城区,26,0,0,0
2020/02/03 17:15,大兴区,22,0,0,2
2020/02/03 17:15,丰台区,16,0,0,0
2020/02/03 17:15,通州区,13,0,0,0
2020/02/03 17:15,昌平区,12,0,0,0
2020/02/03 17:15,外地来京人员,11,0,0,2
2020/02/03 17:15,顺义区,6,0,0,0
2020/02/03 17:15,石景山区,5,0,0,0
2020/02/03 17:15,东城区,3,0,0,0
2020/02/03 17:15,门头沟区,2,0,0,0
2020/02/03 17:15,房山区,2,0,0,0
2020/02/03 17:15,怀柔区,1,0,0,0
2020/02/03 17:15,待明确地区,0,0,1,5
2020/02/03 17:14,海淀区,41,0,0,0
2020/02/03 17:14,朝阳区,35,0,0,0
2020/02/03 17:14,大兴区,22,0,0,2
2020/02/03 17:14,西城区,22,0,0,0
2020/02/03 17:14,丰台区,16,0,0,0
2020/02/03 17:14,通州区,13,0,0,0
2020/02/03 17:14,昌平区,12,0,0,0
2020/02/03 17:14,外地来京人员,11,0,0,2
2020/02/03 17:14,顺义区,6,0,0,0
2020/02/03 17:14,石景山区,5,0,0,0
2020/02/03 17:14,东城区,3,0,0,0
2020/02/03 17:14,门头沟区,2,0,0,0
2020/02/03 17:14,房山区,2,0,0,0
2020/02/03 17:14,怀柔区,1,0,0,0
2020/02/03 17:14,待明确地区,0,0,1,5
2020/02/02 16:33,海淀区,41,0,0,0
2020/02/02 16:33,朝阳区,35,0,0,0
2020/02/02 16:33,大兴区,22,0,0,2
2020/02/02 16:33,西城区,22,0,0,0
2020/02/02 16:33,丰台区,16,0,0,0
2020/02/02 16:33,通州区,13,0,0,0
2020/02/02 16:33,昌平区,12,0,0,0
2020/02/02 16:33,外地来京人员,11,0,0,2
2020/02/02 16:33,顺义区,6,0,0,0
2020/02/02 16:33,石景山区,5,0,0,0
2020/02/02 16:33,东城区,3,0,0,0
2020/02/02 16:33,门头沟区,2,0,0,0
2020/02/02 16:33,房山区,2,0,0,0
2020/02/02 16:33,怀柔区,1,0,0,0
2020/02/02 16:33,待明确地区,0,0,1,5
2020/02/02 16:32,海淀区,41,0,0,0
2020/02/02 16:32,朝阳区,35,0,0,0
2020/02/02 16:32,大兴区,22,0,0,2
2020/02/02 16:32,西城区,22,0,0,0
2020/02/02 16:32,丰台区,16,0,0,0
2020/02/02 16:32,通州区,13,0,0,0
2020/02/02 16:32,昌平区,12,0,0,0
2020/02/02 16:32,外地来京人员,11,0,0,2
2020/02/02 16:32,顺义区,6,0,0,0
2020/02/02 16:32,石景山区,5,0,0,0
2020/02/02 16:32,东城区,3,0,0,0
2020/02/02 16:32,门头沟区,2,0,0,0
2020/02/02 16:32,房山区,2,0,0,0
2020/02/02 16:32,怀柔区,1,0,0,0
2020/02/02 16:32,待明确地区,0,0,1,5
2020/02/02 16:18,海淀区,41,0,0,0
2020/02/02 16:18,朝阳区,35,0,0,0
2020/02/02 16:18,大兴区,21,0,0,2
2020/02/02 16:18,西城区,17,0,0,0
2020/02/02 16:18,丰台区,16,0,0,0
2020/02/02 16:18,通州区,13,0,0,0
2020/02/02 16:18,昌平区,12,0,0,0
2020/02/02 16:18,外地来京人员,11,0,0,2
2020/02/02 16:18,顺义区,6,0,0,0
2020/02/02 16:18,石景山区,4,0,0,0
2020/02/02 16:18,东城区,3,0,0,0
2020/02/02 16:18,房山区,2,0,0,0
2020/02/02 16:18,门头沟区,1,0,0,0
2020/02/02 16:18,怀柔区,1,0,0,0
2020/02/02 16:18,待明确地区,0,0,1,5
2020/02/02 11:12,海淀区,41,0,0,0
2020/02/02 11:12,朝阳区,35,0,0,0
2020/02/02 11:12,大兴区,21,0,0,2
2020/02/02 11:12,西城区,17,0,0,0
2020/02/02 11:12,丰台区,16,0,0,0
2020/02/02 11:12,通州区,13,0,0,0
2020/02/02 11:12,昌平区,12,0,0,0
2020/02/02 11:12,外地来京人员,11,0,0,2
2020/02/02 11:12,顺义区,6,0,0,0
2020/02/02 11:12,石景山区,4,0,0,0
2020/02/02 11:12,东城区,3,0,0,0
2020/02/02 11:12,房山区,2,0,0,0
2020/02/02 11:12,门头沟区,1,0,0,0
2020/02/02 11:12,怀柔区,1,0,0,0
2020/02/02 11:06,海淀区,41,0,0,0
2020/02/02 11:06,朝阳区,35,0,0,0
2020/02/02 11:06,大兴区,20,0,0,21
2020/02/02 11:06,西城区,17,0,0,0
2020/02/02 11:06,丰台区,16,0,0,0
2020/02/02 11:06,通州区,13,0,0,0
2020/02/02 11:06,昌平区,12,0,0,0
2020/02/02 11:06,外地来京人员,11,0,0,2
2020/02/02 11:06,顺义区,6,0,0,0
2020/02/02 11:06,石景山区,3,0,0,0
2020/02/02 11:06,东城区,3,0,0,0
2020/02/02 11:06,房山区,2,0,0,0
2020/02/02 11:06,门头沟区,1,0,0,0
2020/02/02 11:06,怀柔区,1,0,0,0
2020/02/02 11:04,海淀区,41,0,0,0
2020/02/02 11:04,朝阳区,35,0,0,0
2020/02/02 11:04,大兴区,20,0,0,2
2020/02/02 11:04,西城区,17,0,0,0
2020/02/02 11:04,丰台区,16,0,0,0
2020/02/02 11:04,通州区,13,0,0,0
2020/02/02 11:04,昌平区,12,0,0,0
2020/02/02 11:04,外地来京人员,11,0,0,2
2020/02/02 11:04,石景山区,3,0,0,0
2020/02/02 11:04,东城区,3,0,0,0
2020/02/02 11:04,顺义区,2,0,0,0
2020/02/02 11:04,房山区,2,0,0,0
2020/02/02 11:04,门头沟区,1,0,0,0
2020/02/02 11:04,怀柔区,1,0,0,0
2020/02/01 18:29,海淀区,39,0,0,0
2020/02/01 18:29,朝阳区,28,0,0,0
2020/02/01 18:29,大兴区,20,0,0,2
2020/02/01 18:29,西城区,17,0,0,0
2020/02/01 18:29,丰台区,16,0,0,0
2020/02/01 18:29,通州区,13,0,0,0
2020/02/01 18:29,昌平区,12,0,0,0
2020/02/01 18:29,外地来京人员,11,0,0,2
2020/02/01 18:29,石景山区,3,0,0,0
2020/02/01 18:29,东城区,3,0,0,0
2020/02/01 18:29,顺义区,2,0,0,0
2020/02/01 18:29,房山区,2,0,0,0
2020/02/01 18:29,门头沟区,1,0,0,0
2020/02/01 18:29,怀柔区,1,0,0,0
2020/02/01 17:22,海淀区,39,0,0,0
2020/02/01 17:22,朝阳区,28,0,0,0
2020/02/01 17:22,大兴区,20,0,0,2
2020/02/01 17:22,西城区,17,0,0,0
2020/02/01 17:22,丰台区,16,0,0,0
2020/02/01 17:22,通州区,13,0,0,0
2020/02/01 17:22,昌平区,12,0,0,0
2020/02/01 17:22,外地来京人员,11,0,0,2
2020/02/01 17:22,石景山区,3,0,0,0
2020/02/01 17:22,东城区,3,0,0,0
2020/02/01 17:22,顺义区,2,0,0,0
2020/02/01 17:22,房山区,2,0,0,0
2020/02/01 17:22,门头沟区,1,0,0,0
2020/02/01 17:22,怀柔区,1,0,0,0
2020/02/01 17:16,海淀区,39,0,0,0
2020/02/01 17:16,朝阳区,28,0,0,0
2020/02/01 17:16,大兴区,20,0,0,2
2020/02/01 17:16,西城区,17,0,0,0
2020/02/01 17:16,丰台区,16,0,0,0
2020/02/01 17:16,通州区,13,0,0,0
2020/02/01 17:16,昌平区,12,0,0,0
2020/02/01 17:16,外地来京人员,11,0,0,2
2020/02/01 17:16,石景山区,3,0,0,0
2020/02/01 17:16,东城区,3,0,0,0
2020/02/01 17:16,顺义区,2,0,0,0
2020/02/01 17:16,房山区,2,0,0,0
2020/02/01 17:16,门头沟区,1,0,0,0
2020/02/01 17:16,怀柔区,1,0,0,0
2020/02/01 17:15,海淀区,39,0,0,0
2020/02/01 17:15,朝阳区,28,0,0,0
2020/02/01 17:15,大兴区,19,0,0,2
2020/02/01 17:15,西城区,17,0,0,0
2020/02/01 17:15,丰台区,16,0,0,0
2020/02/01 17:15,通州区,13,0,0,0
2020/02/01 17:15,昌平区,12,0,0,0
2020/02/01 17:15,外地来京人员,11,0,0,2
2020/02/01 17:15,石景山区,3,0,0,0
2020/02/01 17:15,东城区,3,0,0,0
2020/02/01 17:15,顺义区,2,0,0,0
2020/02/01 17:15,门头沟区,1,0,0,0
2020/02/01 17:15,怀柔区,1,0,0,0
2020/02/01 17:08,海淀区,35,0,0,0
2020/02/01 17:08,朝阳区,27,0,0,0
2020/02/01 17:08,大兴区,19,0,0,2
2020/02/01 17:08,西城区,17,0,0,0
2020/02/01 17:08,通州区,13,0,0,0
2020/02/01 17:08,丰台区,12,0,0,0
2020/02/01 17:08,昌平区,12,0,0,0
2020/02/01 17:08,外地来京人员,11,0,0,2
2020/02/01 17:08,石景山区,3,0,0,0
2020/02/01 17:08,东城区,3,0,0,0
2020/02/01 17:08,顺义区,2,0,0,0
2020/02/01 17:08,门头沟区,1,0,0,0
2020/02/01 17:08,怀柔区,1,0,0,0
2020/02/01 16:09,海淀区,35,0,0,0
2020/02/01 16:09,朝阳区,27,0,0,0
2020/02/01 16:09,大兴区,19,0,0,2
2020/02/01 16:09,西城区,17,0,0,0
2020/02/01 16:09,通州区,13,0,0,0
2020/02/01 16:09,丰台区,12,0,0,0
2020/02/01 16:09,昌平区,12,0,0,0
2020/02/01 16:09,外地来京人员,11,0,0,2
2020/02/01 16:09,石景山区,3,0,0,0
2020/02/01 16:09,东城区,3,0,0,0
2020/02/01 16:09,顺义区,2,0,0,0
2020/02/01 16:09,门头沟区,1,0,0,0
2020/02/01 16:09,怀柔区,1,0,1,0
2020/02/01 12:05,海淀区,35,0,0,0
2020/02/01 12:05,朝阳区,27,0,0,0
2020/02/01 12:05,大兴区,19,0,0,2
2020/02/01 12:05,西城区,17,0,0,0
2020/02/01 12:05,通州区,13,0,0,0
2020/02/01 12:05,丰台区,12,0,0,0
2020/02/01 12:05,昌平区,12,0,0,0
2020/02/01 12:05,外地来京人员,11,0,0,2
2020/02/01 12:05,石景山区,3,0,0,0
2020/02/01 12:05,东城区,3,0,0,0
2020/02/01 12:05,顺义区,2,0,0,0
2020/02/01 12:05,门头沟区,1,0,0,0
2020/02/01 12:05,怀柔区,1,0,1,0
2020/02/01 12:04,海淀区,35,0,0,0
2020/02/01 12:04,朝阳区,27,0,0,0
2020/02/01 12:04,大兴区,19,0,0,2
2020/02/01 12:04,西城区,17,0,0,0
2020/02/01 12:04,通州区,13,0,0,0
2020/02/01 12:04,丰台区,12,0,0,0
2020/02/01 12:04,昌平区,12,0,0,0
2020/02/01 12:04,外地来京人员,11,0,0,2
2020/02/01 12:04,石景山区,3,0,0,0
2020/02/01 12:04,东城区,3,0,0,0
2020/02/01 12:04,顺义区,2,0,0,0
2020/02/01 12:04,门头沟区,1,0,0,0
2020/02/01 12:04,怀柔区,1,0,1,0
2020/01/31 16:36,海淀区,27,0,0,0
2020/01/31 16:36,朝阳区,24,0,0,0
2020/01/31 16:36,大兴区,17,0,0,2
2020/01/31 16:36,西城区,16,0,0,0
2020/01/31 16:36,昌平区,12,0,0,0
2020/01/31 16:36,通州区,12,0,0,0
2020/01/31 16:36,外地来京人员,11,0,0,2
2020/01/31 16:36,丰台区,11,0,0,0
2020/01/31 16:36,东城区,3,0,0,0
2020/01/31 16:36,石景山区,2,0,0,0
2020/01/31 16:36,顺义区,2,0,0,0
2020/01/31 16:36,门头沟区,1,0,0,0
2020/01/31 16:36,怀柔区,1,0,0,0
2020/01/31 16:34,海淀区,26,0,0,0
2020/01/31 16:34,朝阳区,24,0,0,0
2020/01/31 16:34,西城区,16,0,0,0
2020/01/31 16:34,大兴区,16,0,0,2
2020/01/31 16:34,昌平区,12,0,0,0
2020/01/31 16:34,通州区,12,0,0,0
2020/01/31 16:34,外地来京人员,11,0,0,2
2020/01/31 16:34,丰台区,11,0,0,0
2020/01/31 16:34,东城区,3,0,0,0
2020/01/31 16:34,石景山区,2,0,0,0
2020/01/31 16:34,顺义区,2,0,0,0
2020/01/31 16:34,门头沟区,1,0,0,0
2020/01/31 16:34,怀柔区,1,0,0,0
2020/01/31 13:51,海淀区,26,0,0,0
2020/01/31 13:51,朝阳区,22,0,0,0
2020/01/31 13:51,大兴区,16,0,0,2
2020/01/31 13:51,西城区,13,0,0,0
2020/01/31 13:51,昌平区,12,0,0,0
2020/01/31 13:51,通州区,12,0,0,0
2020/01/31 13:51,外地来京人员,11,0,0,2
2020/01/31 13:51,丰台区,11,0,0,0
2020/01/31 13:51,东城区,3,0,0,0
2020/01/31 13:51,石景山区,2,0,0,0
2020/01/31 13:51,顺义区,2,0,0,0
2020/01/31 13:51,门头沟区,1,0,0,0
2020/01/31 13:51,怀柔区,1,0,0,0
2020/01/31 13:49,海淀区,26,0,0,0
2020/01/31 13:49,朝阳,22,0,0,0
2020/01/31 13:49,大兴,16,0,0,2
2020/01/31 13:49,西城,13,0,0,0
2020/01/31 13:49,昌平,12,0,0,0
2020/01/31 13:49,通州,12,0,0,0
2020/01/31 13:49,外地来京人员,11,0,0,2
2020/01/31 13:49,丰台,11,0,0,0
2020/01/31 13:49,东城,3,0,0,0
2020/01/31 13:49,石景山,2,0,0,0
2020/01/31 13:49,顺义,2,0,0,0
2020/01/31 13:49,门头沟,1,0,0,0
2020/01/31 13:49,怀柔,1,0,0,0
2020/01/31 12:36,海淀,26,0,0,0
2020/01/31 12:36,朝阳,22,0,0,0
2020/01/31 12:36,大兴,16,0,0,2
2020/01/31 12:36,西城,13,0,0,0
2020/01/31 12:36,昌平,12,0,0,0
2020/01/31 12:36,通州,12,0,0,0
2020/01/31 12:36,外地来京人员,11,0,0,2
2020/01/31 12:36,丰台,11,0,0,0
2020/01/31 12:36,东城,3,0,0,0
2020/01/31 12:36,石景山,2,0,0,0
2020/01/31 12:36,顺义,2,0,0,0
2020/01/31 12:36,门头沟,1,0,0,0
2020/01/31 12:36,怀柔,1,0,0,0
2020/01/31 12:27,海淀,24,0,0,0
2020/01/31 12:27,朝阳,21,0,0,0
2020/01/31 12:27,大兴,15,0,0,2
2020/01/31 12:27,西城,12,0,0,0
2020/01/31 12:27,外地来京人员,11,0,0,2
2020/01/31 12:27,丰台,11,0,0,0
2020/01/31 12:27,通州,10,0,0,0
2020/01/31 12:27,昌平,9,0,0,0
2020/01/31 12:27,石景山,2,0,0,0
2020/01/31 12:27,顺义,2,0,0,0
2020/01/31 12:27,东城,2,0,0,0
2020/01/31 12:27,门头沟,1,0,0,0
2020/01/31 12:27,怀柔,1,0,0,0
2020/01/31 09:34,海淀,24,0,0,0
2020/01/31 09:34,朝阳,21,0,0,0
2020/01/31 09:34,大兴,15,0,0,2
2020/01/31 09:34,西城,12,0,0,0
2020/01/31 09:34,外地来京人员,11,0,0,2
2020/01/31 09:34,丰台,11,0,0,0
2020/01/31 09:34,通州,10,0,0,0
2020/01/31 09:34,昌平,9,0,0,0
2020/01/31 09:34,石景山,2,0,0,0
2020/01/31 09:34,顺义,2,0,0,0
2020/01/31 09:34,东城,2,0,0,0
2020/01/31 09:34,门头沟,1,0,0,0
2020/01/31 09:34,怀柔,1,0,0,0
2020/01/31 01:07,海淀,24,0,0,0
2020/01/31 01:07,朝阳,21,0,0,0
2020/01/31 01:07,大兴,15,0,0,2
2020/01/31 01:07,西城,12,0,0,0
2020/01/31 01:07,外地来京人员,11,0,0,2
2020/01/31 01:07,丰台,11,0,0,0
2020/01/31 01:07,通州,10,0,0,0
2020/01/31 01:07,昌平,9,0,0,0
2020/01/31 01:07,石景山,2,0,0,0
2020/01/31 01:07,顺义,2,0,0,0
2020/01/31 01:07,东城,2,0,0,0
2020/01/31 01:07,门头沟,1,0,0,0
2020/01/31 01:07,怀柔,1,0,1,0
2020/01/31 01:04,海淀,24,0,0,0
2020/01/31 01:04,朝阳,21,0,0,0
2020/01/31 01:04,大兴,15,0,0,2
2020/01/31 01:04,西城,12,0,0,0
2020/01/31 01:04,外地来京人员,11,0,0,2
2020/01/31 01:04,丰台,11,0,0,0
2020/01/31 01:04,通州,10,0,0,0
2020/01/31 01:04,昌平,9,0,0,0
2020/01/31 01:04,石景山,2,0,0,0
2020/01/31 01:04,顺义,2,0,0,0
2020/01/31 01:04,东城,2,0,0,0
2020/01/31 01:04,门头沟,1,0,0,0
2020/01/31 01:04,怀柔,1,0,1,0
2020/01/31 01:03,海淀,24,0,0,0
2020/01/31 01:03,朝阳,21,0,0,0
2020/01/31 01:03,大兴,15,0,0,2
2020/01/31 01:03,西城,12,0,0,0
2020/01/31 01:03,外地来京人员,11,0,0,2
2020/01/31 01:03,丰台,11,0,0,0
2020/01/31 01:03,通州,10,0,0,0
2020/01/31 01:03,昌平,9,0,0,0
2020/01/31 01:03,石景山,2,0,0,0
2020/01/31 01:03,顺义,2,0,0,0
2020/01/31 01:03,东城,2,0,0,0
2020/01/31 01:03,门头沟,1,0,0,0
2020/01/31 01:03,怀柔,1,0,1,0
2020/01/31 01:02,海淀,24,0,0,0
2020/01/31 01:02,朝阳,21,0,0,0
2020/01/31 01:02,大兴,15,0,0,2
2020/01/31 01:02,西城,12,0,0,0
2020/01/31 01:02,外地来京人员,11,0,0,2
2020/01/31 01:02,丰台,11,0,0,0
2020/01/31 01:02,通州,10,0,0,0
2020/01/31 01:02,昌平,9,0,0,0
2020/01/31 01:02,石景山,2,0,0,0
2020/01/31 01:02,顺义,2,0,0,0
2020/01/31 01:02,东城,2,0,0,0
2020/01/31 01:02,门头沟,1,0,0,0
2020/01/30 12:27,海淀,24,0,0,0
2020/01/30 12:27,朝阳,21,0,0,0
2020/01/30 12:27,西城,12,0,0,0
2020/01/30 12:27,外地来京人员,11,0,0,2
2020/01/30 12:27,丰台,10,0,0,0
2020/01/30 12:27,大兴,10,0,0,2
2020/01/30 12:27,昌平,8,0,0,0
2020/01/30 12:27,通州,8,0,0,0
2020/01/30 12:27,石景山,2,0,0,0
2020/01/30 12:27,顺义,2,0,0,0
2020/01/30 12:27,东城,2,0,0,0
2020/01/30 12:27,门头沟,1,0,0,0
2020/01/29 23:30,海淀,24,0,0,0
2020/01/29 23:30,朝阳,21,0,0,0
2020/01/29 23:30,西城,12,0,0,0
2020/01/29 23:30,外地来京人员,11,0,0,2
2020/01/29 23:30,丰台,10,0,0,0
2020/01/29 23:30,大兴,10,0,0,2
2020/01/29 23:30,昌平,8,0,0,0
2020/01/29 23:30,通州,8,0,0,0
2020/01/29 23:30,石景山,2,0,0,0
2020/01/29 23:30,顺义,2,0,0,0
2020/01/29 23:30,东城,2,0,0,0
2020/01/29 23:30,门头沟,1,0,0,0
2020/01/29 23:29,海淀,24,0,0,0
2020/01/29 23:29,朝阳,21,0,0,0
2020/01/29 23:29,西城,12,0,0,0
2020/01/29 23:29,外地来京人员,11,0,0,2
2020/01/29 23:29,大兴,10,0,0,2
2020/01/29 23:29,昌平,8,0,0,0
2020/01/29 23:29,丰台,8,0,0,0
2020/01/29 23:29,通州,7,0,0,0
2020/01/29 23:29,石景山,2,0,0,0
2020/01/29 23:29,顺义,2,0,0,0
2020/01/29 23:29,东城,2,0,0,0
2020/01/29 23:29,门头沟,1,0,0,0
2020/01/29 23:28,海淀,24,0,0,0
2020/01/29 23:28,朝阳,21,0,0,0
2020/01/29 23:28,外地来京人员,11,0,0,2
2020/01/29 23:28,大兴,10,0,0,2
2020/01/29 23:28,西城,9,0,0,0
2020/01/29 23:28,昌平,8,0,0,0
2020/01/29 23:28,丰台,8,0,0,0
2020/01/29 23:28,通州,7,0,0,0
2020/01/29 23:28,石景山,2,0,0,0
2020/01/29 23:28,顺义,2,0,0,0
2020/01/29 23:28,东城,2,0,0,0
2020/01/29 23:28,门头沟,1,0,0,0
2020/01/29 23:27,海淀,23,0,0,0
2020/01/29 23:27,朝阳,19,0,0,0
2020/01/29 23:27,外地来京人员,11,0,0,2
2020/01/29 23:27,大兴,10,0,0,2
2020/01/29 23:27,西城,9,0,0,0
2020/01/29 23:27,昌平,8,0,0,0
2020/01/29 23:27,丰台,8,0,0,0
2020/01/29 23:27,通州,7,0,0,0
2020/01/29 23:27,石景山,2,0,0,0
2020/01/29 23:27,顺义,2,0,0,0
2020/01/29 23:27,东城,2,0,0,0
2020/01/29 23:27,门头沟,1,0,0,0
2020/01/29 13:19,海淀,23,0,0,0
2020/01/29 13:19,朝阳,19,0,0,0
2020/01/29 13:19,外地来京人员,11,0,0,2
2020/01/29 13:19,大兴,10,0,0,2
2020/01/29 13:19,西城,9,0,0,0
2020/01/29 13:19,昌平,8,0,0,0
2020/01/29 13:19,丰台,8,0,0,0
2020/01/29 13:19,通州,7,0,0,0
2020/01/29 13:19,石景山,2,0,0,0
2020/01/29 13:19,顺义,2,0,0,0
2020/01/29 13:19,东城,2,0,0,0
2020/01/29 13:19,门头沟,1,0,0,0
2020/01/29 13:17,海淀,23,0,0,0
2020/01/29 13:17,朝阳,19,0,0,0
2020/01/29 13:17,外地来京人员,11,0,0,2
2020/01/29 13:17,西城,9,0,0,0
2020/01/29 13:17,丰台,8,0,0,0
2020/01/29 13:17,昌平,7,0,0,0
2020/01/29 13:17,通州,7,0,0,0
2020/01/29 13:17,大兴,7,0,0,2
2020/01/29 13:17,石景山,2,0,0,0
2020/01/29 13:17,顺义,2,0,0,0
2020/01/29 13:17,东城,2,0,0,0
2020/01/29 08:50,海淀,21,0,0,0
2020/01/29 08:50,朝阳,17,0,0,0
2020/01/29 08:50,外地来京人员,11,0,0,2
2020/01/29 08:50,西城,8,0,0,0
2020/01/29 08:50,昌平,7,0,0,0
2020/01/29 08:50,通州,7,0,0,0
2020/01/29 08:50,丰台,7,0,0,0
2020/01/29 08:50,大兴,7,0,0,2
2020/01/29 08:50,石景山,2,0,0,0
2020/01/29 08:50,顺义,2,0,0,0
2020/01/29 08:50,东城,2,0,0,0
2020/01/28 21:02,海淀,21,0,0,0
2020/01/28 21:02,朝阳,17,0,0,0
2020/01/28 21:02,外地来京人员,11,0,0,2
2020/01/28 21:02,西城,8,0,0,0
2020/01/28 21:02,昌平,7,0,0,0
2020/01/28 21:02,通州,7,0,0,0
2020/01/28 21:02,丰台,7,0,0,0
2020/01/28 21:02,大兴,7,0,0,2
2020/01/28 21:02,石景山,2,0,0,0
2020/01/28 21:02,顺义,2,0,0,0
2020/01/28 21:02,东城,2,0,0,0
2020/01/28 15:58,海淀,21,0,0,0
2020/01/28 15:58,朝阳,17,0,0,0
2020/01/28 15:58,外地来京人员,11,0,0,0
2020/01/28 15:58,西城,8,0,0,0
2020/01/28 15:58,昌平,7,0,0,0
2020/01/28 15:58,通州,7,0,0,0
2020/01/28 15:58,丰台,7,0,0,0
2020/01/28 15:58,大兴,7,0,0,2
2020/01/28 15:58,石景山,2,0,0,0
2020/01/28 15:58,顺义,2,0,0,0
2020/01/28 15:58,东城,2,0,0,0
2020/01/28 15:57,海淀,21,0,0,0
2020/01/28 15:57,朝阳,17,0,0,0
2020/01/28 15:57,外地来京人员,11,0,0,0
2020/01/28 15:57,西城,8,0,0,0
2020/01/28 15:57,昌平,7,0,0,0
2020/01/28 15:57,通州,7,0,0,0
2020/01/28 15:57,丰台,7,0,0,0
2020/01/28 15:57,大兴,5,0,0,2
2020/01/28 15:57,石景山,2,0,0,0
2020/01/28 15:57,顺义,2,0,0,0
2020/01/28 15:57,东城,2,0,0,0
2020/01/28 15:56,海淀,17,0,0,0
2020/01/28 15:56,朝阳,17,0,0,0
2020/01/28 15:56,外地来京人员,11,0,0,0
2020/01/28 15:56,西城,8,0,0,0
2020/01/28 15:56,昌平,7,0,0,0
2020/01/28 15:56,通州,7,0,0,0
2020/01/28 15:56,大兴,5,0,0,2
2020/01/28 15:56,丰台,4,0,0,0
2020/01/28 15:56,石景山,2,0,0,0
2020/01/28 15:56,东城,2,0,0,0
2020/01/28 15:56,顺义,1,0,0,0
2020/01/28 15:43,海淀,17,0,0,0
2020/01/28 15:43,朝阳,17,0,0,0
2020/01/28 15:43,外地来京人员,11,0,0,0
2020/01/28 15:43,西城,7,0,0,0
2020/01/28 15:43,昌平,7,0,0,0
2020/01/28 15:43,通州,7,0,0,0
2020/01/28 15:43,大兴,5,0,0,2
2020/01/28 15:43,丰台,4,0,0,0
2020/01/28 15:43,石景山,2,0,0,0
2020/01/28 15:43,东城,2,0,0,0
2020/01/28 15:43,顺义,1,0,0,0
2020/01/27 23:57,海淀,17,0,0,0
2020/01/27 23:57,朝阳,17,0,0,0
2020/01/27 23:57,外地来京人员,11,0,0,0
2020/01/27 23:57,西城,7,0,0,0
2020/01/27 23:57,昌平,7,0,0,0
2020/01/27 23:57,通州,7,0,0,0
2020/01/27 23:57,大兴,5,0,0,2
2020/01/27 23:57,丰台,4,0,0,0
2020/01/27 23:57,石景山,2,0,0,0
2020/01/27 23:57,东城,2,0,0,0
2020/01/27 23:57,顺义,1,0,0,0
2020/01/27 23:55,海淀,17,0,0,0
2020/01/27 23:55,外地来京人员,11,0,0,0
2020/01/27 23:55,朝阳,11,0,0,0
2020/01/27 23:55,西城,7,0,0,0
2020/01/27 23:55,昌平,7,0,0,0
2020/01/27 23:55,通州,6,0,0,0
2020/01/27 23:55,大兴,5,0,0,2
2020/01/27 23:55,丰台,4,0,0,0
2020/01/27 23:55,石景山,2,0,0,0
2020/01/27 23:55,顺义,1,0,0,0
2020/01/27 23:55,东城,1,0,0,0
2020/01/27 16:19,海淀,17,0,0,0
2020/01/27 16:19,外地来京人员,11,0,0,0
2020/01/27 16:19,朝阳,11,0,0,0
2020/01/27 16:19,西城,7,0,0,0
2020/01/27 16:19,昌平,7,0,0,0
2020/01/27 16:19,通州,6,0,0,0
2020/01/27 16:19,大兴,5,0,0,2
2020/01/27 16:19,丰台,4,0,0,0
2020/01/27 16:19,石景山,2,0,0,0
2020/01/27 16:19,顺义,1,0,0,0
2020/01/27 16:19,东城,1,0,0,0
2020/01/27 15:21,海淀,17,0,0,0
2020/01/27 15:21,外地来京人员,11,0,0,0
2020/01/27 15:21,朝阳,11,0,0,0
2020/01/27 15:21,西城,7,0,0,0
2020/01/27 15:21,昌平,7,0,0,0
2020/01/27 15:21,通州,6,0,0,0
2020/01/27 15:21,大兴,5,0,0,2
2020/01/27 15:21,丰台,4,0,0,0
2020/01/27 15:21,石景山,2,0,0,0
2020/01/27 15:21,顺义,1,0,0,0
2020/01/27 15:21,东城,1,0,0,0
2020/01/27 15:19,海淀,17,0,0,0
2020/01/27 15:19,外地来京人员,12,0,0,0
2020/01/27 15:19,朝阳,11,0,0,0
2020/01/27 15:19,昌平,7,0,0,0
2020/01/27 15:19,通州,6,0,0,0
2020/01/27 15:19,西城,5,0,0,0
2020/01/27 15:19,丰台,4,0,0,0
2020/01/27 15:19,大兴,3,0,0,2
2020/01/27 15:19,石景山,2,0,0,0
2020/01/27 15:19,顺义,1,0,0,0
2020/01/27 15:19,东城,1,0,0,0
2020/01/26 23:05,海淀,16,0,0,0
2020/01/26 23:05,外地来京人员,12,0,0,0
2020/01/26 23:05,朝阳,11,0,0,0
2020/01/26 23:05,昌平,7,0,0,0
2020/01/26 23:05,通州,6,0,0,0
2020/01/26 23:05,西城,5,0,0,0
2020/01/26 23:05,丰台,4,0,0,0
2020/01/26 23:05,大兴,3,0,0,2
2020/01/26 23:05,石景山,2,0,0,0
2020/01/26 23:05,顺义,1,0,0,0
2020/01/26 23:05,东城,1,0,0,0
2020/01/26 23:01,海淀,16,0,0,0
2020/01/26 23:01,外地来京人员,12,0,0,0
2020/01/26 23:01,朝阳,11,0,0,0
2020/01/26 23:01,昌平,7,0,0,0
2020/01/26 23:01,通州,6,0,0,0
2020/01/26 23:01,西城,5,0,0,0
2020/01/26 23:01,丰台,4,0,0,0
2020/01/26 23:01,大兴,3,0,0,2
2020/01/26 23:01,石景山,2,0,0,0
2020/01/26 23:01,顺义,1,0,0,0
2020/01/26 23:01,东城,1,0,0,0
2020/01/26 19:55,海淀,14,0,0,0
2020/01/26 19:55,外地来京人员,11,0,0,0
2020/01/26 19:55,朝阳,11,0,0,0
2020/01/26 19:55,通州,6,0,0,0
2020/01/26 19:55,西城,5,0,0,0
2020/01/26 19:55,昌平,5,0,0,0
2020/01/26 19:55,丰台,4,0,0,0
2020/01/26 19:55,大兴,3,0,0,2
2020/01/26 19:55,石景山,2,0,0,0
2020/01/26 19:55,顺义,1,0,0,0
2020/01/26 19:55,东城,1,0,0,0
2020/01/26 19:54,海淀,14,0,0,0
2020/01/26 19:54,外地来京人员,11,0,0,0
2020/01/26 19:54,朝阳,11,0,0,0
2020/01/26 19:54,西城,5,0,0,0
2020/01/26 19:54,昌平,5,0,0,0
2020/01/26 19:54,通州,4,0,0,0
2020/01/26 19:54,丰台,4,0,0,0
2020/01/26 19:54,大兴,2,0,0,2
2020/01/26 19:54,石景山,1,0,0,0
2020/01/26 19:54,顺义,1,0,0,0
2020/01/26 19:54,东城,1,0,0,0
2020/01/26 12:57,海淀,13,0,0,0
2020/01/26 12:57,外地来京人员,11,0,0,0
2020/01/26 12:57,朝阳,8,0,0,0
2020/01/26 12:57,西城,5,0,0,0
2020/01/26 12:57,昌平,5,0,0,0
2020/01/26 12:57,通州,4,0,0,0
2020/01/26 12:57,丰台,3,0,0,0
2020/01/26 12:57,大兴,2,0,0,2
2020/01/26 12:57,石景山,1,0,0,0
2020/01/26 12:57,顺义,1,0,0,0
2020/01/26 12:57,东城,1,0,0,0
2020/01/26 08:58,外地来京人员,11,0,0,0
2020/01/26 08:58,海淀,10,0,0,0
2020/01/26 08:58,朝阳,8,0,0,0
2020/01/26 08:58,西城,5,0,0,0
2020/01/26 08:58,昌平,5,0,0,0
2020/01/26 08:58,通州,4,0,0,0
2020/01/26 08:58,丰台,3,0,0,0
2020/01/26 08:58,大兴,2,0,0,2
2020/01/26 08:58,石景山,1,0,0,0
2020/01/26 08:58,顺义,1,0,0,0
2020/01/26 08:58,东城,1,0,0,0
2020/01/26 08:40,外地来京人员,11,0,0,0
2020/01/26 08:40,朝阳,8,0,0,0
2020/01/26 08:40,西城,5,0,0,0
2020/01/26 08:40,昌平,5,0,0,0
2020/01/26 08:40,通州,4,0,0,0
2020/01/26 08:40,丰台,3,0,0,0
2020/01/26 08:40,大兴,2,0,0,2
2020/01/26 08:40,海淀,1,0,0,0
2020/01/26 08:40,石景山,1,0,0,0
2020/01/26 08:40,顺义,1,0,0,0
2020/01/26 08:40,东城,1,0,0,0
2020/01/25 20:15,外地来京人员,11,0,0,0
2020/01/25 20:15,海淀,8,0,0,0
2020/01/25 20:15,朝阳,6,0,0,0
2020/01/25 20:15,西城,4,0,0,0
2020/01/25 20:15,昌平,3,0,0,0
2020/01/25 20:15,通州,3,0,0,0
2020/01/25 20:15,大兴,2,0,0,2
2020/01/25 20:15,丰台,2,0,0,0
2020/01/25 20:15,石景山,1,0,0,0
2020/01/25 20:15,顺义,1,0,0,0
2020/01/25 19:08,外地来京人员,11,0,0,0
2020/01/25 19:08,海淀,8,0,0,0
2020/01/25 19:08,朝阳,6,0,0,0
2020/01/25 19:08,西城,4,0,0,0
2020/01/25 19:08,昌平,3,0,0,0
2020/01/25 19:08,通州,3,0,0,0
2020/01/25 19:08,大兴,2,0,0,1
2020/01/25 19:08,丰台,2,0,0,0
2020/01/25 19:08,石景山,1,0,0,0
2020/01/25 19:08,顺义,1,0,0,0
2020/01/25 19:07,外地来京人员,10,0,0,0
2020/01/25 19:07,海淀,8,0,0,0
2020/01/25 19:07,朝阳,5,0,0,0
2020/01/25 19:07,西城,4,0,0,0
2020/01/25 19:07,昌平,3,0,0,0
2020/01/25 19:07,大兴,2,0,0,1
2020/01/25 19:07,丰台,2,0,0,0
2020/01/25 19:07,通州,2,0,0,0
2020/01/25 19:07,石景山,1,0,0,0
2020/01/25 19:07,顺义,1,0,0,0
2020/01/25 18:20,外地来京人员,10,0,0,0
2020/01/25 18:20,海淀,6,0,0,0
2020/01/25 18:20,朝阳,5,0,0,0
2020/01/25 18:20,西城,4,0,0,0
2020/01/25 18:20,昌平,3,0,0,0
2020/01/25 18:20,大兴,2,0,0,1
2020/01/25 18:20,丰台,2,0,0,0
2020/01/25 18:20,通州,2,0,0,0
2020/01/25 18:20,石景山,1,0,0,0
2020/01/25 18:20,顺义,1,0,0,0
2020/01/25 18:16,外地来京人员,10,0,0,0
2020/01/25 18:16,海淀,6,0,0,0
2020/01/25 18:16,朝阳,5,0,0,0
2020/01/25 18:16,西城,4,0,0,0
2020/01/25 18:16,昌平,3,0,0,0
2020/01/25 18:16,大兴,2,0,0,1
2020/01/25 18:16,丰台,2,0,0,0
2020/01/25 18:16,通州,2,0,0,0
2020/01/25 18:16,石景山,1,0,0,0
2020/01/25 18:16,顺义,1,0,0,0
2020/01/24 23:35,外地来京人员,10,0,0,0
2020/01/24 23:35,海淀,6,0,0,0
2020/01/24 23:35,朝阳,5,0,0,0
2020/01/24 23:35,西城,4,0,0,0
2020/01/24 23:35,昌平,3,0,0,0
2020/01/24 23:35,大兴,2,0,0,1
2020/01/24 23:35,丰台,2,0,0,0
2020/01/24 23:35,通州,2,0,0,0
2020/01/24 23:35,石景山,1,0,0,0
2020/01/24 23:35,顺义,1,0,0,0
2020/01/24 21:46,昌平,3,0,0,0
2020/01/24 21:46,大兴,2,0,0,1
2020/01/24 21:46,丰台,2,0,0,0
2020/01/24 21:46,海淀,6,0,0,0
2020/01/24 21:46,通州,2,0,0,0
2020/01/24 21:46,外地来京人员,10,0,0,0
2020/01/24 21:46,西城,4,0,0,0
2020/01/24 21:46,朝阳,5,0,0,0
2020/01/24 21:46,石景山,1,0,0,0
2020/01/24 21:46,顺义,1,0,0,0
2020/01/24 21:41,昌平,3,0,0,0
2020/01/24 21:41,大兴,2,0,0,1
2020/01/24 21:41,丰台,2,0,0,0
2020/01/24 21:41,海淀,4,0,0,0
2020/01/24 21:41,通州,2,0,0,0
2020/01/24 21:41,外地来京人员,10,0,0,0
2020/01/24 21:41,西城,4,0,0,0
2020/01/24 21:41,朝阳,5,0,0,0
2020/01/24 21:41,石景山,1,0,0,0
2020/01/24 21:41,顺义,1,0,0,0
2020/01/24 19:49,昌平,3,0,0,0
2020/01/24 19:49,大兴,2,0,0,1
2020/01/24 19:49,丰台,2,0,0,0
2020/01/24 19:49,海淀,4,0,0,0
2020/01/24 19:49,通州,2,0,0,0
2020/01/24 19:49,外地来京人员,10,0,0,0
2020/01/24 19:49,西城,4,0,0,0
2020/01/24 19:49,朝阳,5,0,0,0
2020/01/24 19:49,石景山,1,0,0,0
2020/01/24 19:49,顺义,1,0,0,0
2020/01/24 19:46,昌平,3,0,0,0
2020/01/24 19:46,大兴,2,0,0,1
2020/01/24 19:46,丰台,2,0,0,0
2020/01/24 19:46,海淀,4,0,0,0
2020/01/24 19:46,通州,2,0,0,0
2020/01/24 19:46,外地来京人员,10,0,0,0
2020/01/24 19:46,西城,4,0,0,0
2020/01/24 19:46,朝阳,5,0,0,0
2020/01/24 19:46,石景山,1,0,0,0
2020/01/24 19:46,顺义,1,0,0,0
2020/01/24 19:45,昌平,2,0,0,0
2020/01/24 19:45,大兴,2,0,0,1
2020/01/24 19:45,丰台,2,0,0,0
2020/01/24 19:45,海淀,3,0,0,0
2020/01/24 19:45,通州,2,0,0,0
2020/01/24 19:45,外地来京人员,9,0,0,0
2020/01/24 19:45,西城,4,0,0,0
2020/01/24 19:45,朝阳,5,0,0,0
2020/01/24 19:45,石景山,1,0,0,0
2020/01/24 19:45,顺义,1,0,0,0
2020/01/24 16:07,昌平,2,0,0,0
2020/01/24 16:07,大兴,2,0,0,1
2020/01/24 16:07,丰台,2,0,0,0
2020/01/24 16:07,海淀,3,0,0,0
2020/01/24 16:07,通州,2,0,0,0
2020/01/24 16:07,外地来京人员,9,0,0,0
2020/01/24 16:07,西城,4,0,0,0
2020/01/24 16:07,朝阳,3,0,0,0
2020/01/24 16:07,石景山,1,0,0,0
2020/01/24 16:07,顺义,1,0,0,0
2020/01/24 16:06,昌平,2,0,0,0
2020/01/24 16:06,大兴,2,0,0,1
2020/01/24 16:06,丰台,2,0,0,0
2020/01/24 16:06,海淀,3,0,0,0
2020/01/24 16:06,通州,2,0,0,0
2020/01/24 16:06,外地来京人员,9,0,0,0
2020/01/24 16:06,西城,4,0,0,0
2020/01/24 16:06,朝阳,3,0,0,0
2020/01/24 16:06,石景山,1,0,0,0
2020/01/24 16:06,顺义,1,0,0,0
2020/01/24 15:31,昌平,2,0,0,0
2020/01/24 15:31,大兴,2,0,0,1
2020/01/24 15:31,丰台,2,0,0,0
2020/01/24 15:31,海淀,3,0,0,0
2020/01/24 15:31,通州,2,0,0,0
2020/01/24 15:31,武汉来京人员,7,0,0,0
2020/01/24 15:31,西城,3,0,0,0
2020/01/24 15:31,朝阳,3,0,0,0
2020/01/24 15:31,石景山,1,0,0,0
2020/01/24 15:31,顺义,1,0,0,0
2020/01/24 07:38,昌平,2,0,0,0
2020/01/24 07:38,大兴,2,0,0,0
2020/01/24 07:38,丰台,2,0,0,0
2020/01/24 07:38,海淀,3,0,0,0
2020/01/24 07:38,通州,2,0,0,0
2020/01/24 07:38,武汉来京人员,7,0,0,0
2020/01/24 07:38,西城,3,0,0,0
2020/01/24 07:38,朝阳,3,0,0,0
2020/01/24 07:38,石景山,1,0,0,0
2020/01/24 07:38,顺义,1,0,0,0
2020/01/24 07:37,昌平,2,0,0,0
2020/01/24 07:37,大兴,2,0,0,0
2020/01/24 07:37,丰台,2,0,0,0
2020/01/24 07:37,海淀,3,0,0,0
2020/01/24 07:37,通州,2,0,0,0
2020/01/24 07:37,武汉来京人员,7,0,0,0
2020/01/24 07:37,西城,3,0,0,0
2020/01/24 07:37,朝阳,3,0,0,0
2020/01/24 07:37,石景山,1,0,0,0
2020/01/24 07:37,不明地区,8,0,0,0
2020/01/24 07:36,昌平,2,0,0,0
2020/01/24 07:36,大兴,2,0,0,0
2020/01/24 07:36,丰台,2,0,0,0
2020/01/24 07:36,海淀,3,0,0,0
2020/01/24 07:36,通州,2,0,0,0
2020/01/24 07:36,武汉来京人员,2,0,0,0
2020/01/24 07:36,西城,2,0,0,0
2020/01/24 07:36,朝阳,1,0,0,0
2020/01/24 07:36,石景山,1,0,0,0
2020/01/24 07:36,不明地区,8,0,0,0
